{"ppls_mean": 405.87829671287534, "ppls_std": 759.9004946822832, "ppls_med": 175.88746643066406, "entropys_mean": 33.69407516670227, "entropys_std": 18.429883426771617, "entropys_med": 27.063518524169922, "tokens_nums_mean": 8.617, "tokens_nums_std": 3.9580690999526524, "tokens_nums_med": 7.0, "dist2": 0.8295693277310925, "dist3": 0.9725541694024951, "dist4": 0.9939584975045967}