{"ppls_mean": 337.9544892501831, "ppls_std": 646.7166277294078, "ppls_med": 137.57796478271484, "entropys_mean": 35.280699395179745, "entropys_std": 21.042718075410157, "entropys_med": 27.47828960418701, "tokens_nums_mean": 8.914, "tokens_nums_std": 4.427934507194071, "tokens_nums_med": 7.0, "dist2": 0.7918614937444711, "dist3": 0.958923154701719, "dist4": 0.9895082796106687, "bpt": 3.6532420910926633}