{"ppls_mean": 483.85560040378573, "ppls_std": 1649.5033842559635, "ppls_med": 186.11103057861328, "entropys_mean": 33.24167059516907, "entropys_std": 18.374340010399504, "entropys_med": 27.126493453979492, "tokens_nums_mean": 8.468, "tokens_nums_std": 3.939159301170746, "tokens_nums_med": 7.0, "dist2": 0.8316593009240659, "dist3": 0.9760246450575945, "dist4": 0.9961152042866711, "bpt": 3.89466225791214}