{"ppls_mean": 1.8712069988250732, "ppls_std": 0.0, "ppls_med": 1.8712069988250732, "entropys_mean": 39.83663558959961, "entropys_std": 0.0, "entropys_med": 39.83663558959961, "tokens_nums_mean": 67.0, "tokens_nums_std": 0.0, "tokens_nums_med": 67.0, "dist2": 0.06153846153846154, "dist3": 0.0625, "dist4": 0.06349206349206349, "bpt": 0.0}