{"ppls_mean": 794.9323989257813, "ppls_std": 488.3205227315242, "ppls_med": 705.0908813476562, "entropys_mean": 45.95471843910217, "entropys_std": 25.90977170642151, "entropys_med": 33.933204650878906, "tokens_nums_mean": 9.343, "tokens_nums_std": 4.78114536486813, "tokens_nums_med": 7.0, "dist2": 0.3702948933109566, "dist3": 0.4627742476921232, "dist4": 0.5370503597122303, "bpt": 1.705126832923044}