{"ppls_mean": 336.0656107301712, "ppls_std": 661.3181525228515, "ppls_med": 152.6952133178711, "entropys_mean": 36.13825588417053, "entropys_std": 20.357602345580045, "entropys_med": 27.97323989868164, "tokens_nums_mean": 9.115, "tokens_nums_std": 4.420607989858409, "tokens_nums_med": 7.0, "dist2": 0.7775449839783091, "dist3": 0.9536546283742142, "dist4": 0.9914940828402367, "bpt": 3.6247942951179373}