{"ppls_mean": 318.2791766500473, "ppls_std": 970.7071401141491, "ppls_med": 131.83577728271484, "entropys_mean": 34.909491497039795, "entropys_std": 20.60015144539765, "entropys_med": 27.573583602905273, "tokens_nums_mean": 8.811, "tokens_nums_std": 4.299451011466464, "tokens_nums_med": 7.0, "dist2": 0.7927016645326505, "dist3": 0.9631194775259316, "dist4": 0.9926997950819673, "bpt": 3.59244126659857}