{"ppls_mean": 344.2857493839264, "ppls_std": 706.766373841852, "ppls_med": 145.05229949951172, "entropys_mean": 35.22283954524994, "entropys_std": 20.188300218031507, "entropys_med": 27.749585151672363, "tokens_nums_mean": 8.869, "tokens_nums_std": 4.377880651639558, "tokens_nums_med": 7.0, "dist2": 0.797153024911032, "dist3": 0.9649167408160672, "dist4": 0.9935163996948894, "bpt": 3.7176682827827263}