{"ppls_mean": 302.4795505170822, "ppls_std": 728.403573457003, "ppls_med": 140.0752716064453, "entropys_mean": 35.0075713262558, "entropys_std": 19.167158114121968, "entropys_med": 27.718392372131348, "tokens_nums_mean": 8.824, "tokens_nums_std": 4.103294286302165, "tokens_nums_med": 7.0, "dist2": 0.7874217052281733, "dist3": 0.9606238813602659, "dist4": 0.9920726249840174, "bpt": 3.5853354487760654}