{"ppls_mean": 344.344355550766, "ppls_std": 797.1300293619184, "ppls_med": 146.4237823486328, "entropys_mean": 35.601332860946656, "entropys_std": 19.95533248364494, "entropys_med": 27.75765037536621, "tokens_nums_mean": 8.992, "tokens_nums_std": 4.402719159792048, "tokens_nums_med": 7.0, "dist2": 0.7965210862219998, "dist3": 0.9658322903629537, "dist4": 0.9931155338590562, "bpt": 3.669261565836299}