{"ppls_mean": 336.73421254169943, "ppls_std": 1827.3860817767602, "ppls_med": 115.29131317138672, "entropys_mean": 29.461311834335326, "entropys_std": 12.181943240049755, "entropys_med": 26.696060180664062, "tokens_nums_mean": 7.71, "tokens_nums_std": 2.9478636332096504, "tokens_nums_med": 7.0, "dist2": 0.7613653301535251, "dist3": 0.9327668455575432, "dist4": 0.972416877888773, "bpt": 2.8412451361867705}