{"ppls_mean": 298.77980452156066, "ppls_std": 719.4865304583474, "ppls_med": 109.875732421875, "entropys_mean": 29.879524254798888, "entropys_std": 13.690783861139836, "entropys_med": 26.573448181152344, "tokens_nums_mean": 7.787, "tokens_nums_std": 2.8718689036932035, "tokens_nums_med": 7.0, "dist2": 0.7614205717653993, "dist3": 0.9320560058953574, "dist4": 0.9764150943396226, "bpt": 2.7915757030949018}