{"ppls_mean": 633.4535673837662, "ppls_std": 2178.712921274785, "ppls_med": 182.75070190429688, "entropys_mean": 30.575194827079773, "entropys_std": 14.763777984159036, "entropys_med": 26.76798439025879, "tokens_nums_mean": 7.875, "tokens_nums_std": 3.086644618351779, "tokens_nums_med": 7.0, "dist2": 0.8276112889147512, "dist3": 0.9621708133275134, "dist4": 0.9877764842840512, "bpt": 3.782857142857143}