{"ppls_mean": 281.4267689056397, "ppls_std": 1002.4974809490454, "ppls_med": 103.80353164672852, "entropys_mean": 29.17992434978485, "entropys_std": 11.28808853374088, "entropys_med": 26.83586597442627, "tokens_nums_mean": 7.603, "tokens_nums_std": 2.4741444986095695, "tokens_nums_med": 7.0, "dist2": 0.7379581944865192, "dist3": 0.9259203151037722, "dist4": 0.9781818181818182, "bpt": 2.4737603577535183}