{"ppls_mean": 247.39017622852325, "ppls_std": 539.1645577544067, "ppls_med": 114.02980422973633, "entropys_mean": 29.69806436634064, "entropys_std": 12.280696017545763, "entropys_med": 27.043654441833496, "tokens_nums_mean": 7.708, "tokens_nums_std": 2.69717185214439, "tokens_nums_med": 7.0, "dist2": 0.7554793499329059, "dist3": 0.930062630480167, "dist4": 0.9786726323639076, "bpt": 2.7153606642449404}