{"ppls_mean": 212.05310839939116, "ppls_std": 475.3217796148611, "ppls_med": 100.33902359008789, "entropys_mean": 30.011212027549742, "entropys_std": 12.850857945237221, "entropys_med": 26.991597175598145, "tokens_nums_mean": 7.722, "tokens_nums_std": 2.7093755738177014, "tokens_nums_med": 7.0, "dist2": 0.7336705847344145, "dist3": 0.9269345238095238, "dist4": 0.9781217443071886, "bpt": 2.4497539497539496}