{"ppls_mean": 189.39087462329866, "ppls_std": 445.8248176435526, "ppls_med": 89.72848892211914, "entropys_mean": 29.471491876602173, "entropys_std": 13.353949855117015, "entropys_med": 26.711185455322266, "tokens_nums_mean": 7.69, "tokens_nums_std": 2.926755883226341, "tokens_nums_med": 7.0, "dist2": 0.7137090746000897, "dist3": 0.9149222488038278, "dist4": 0.9753252579632122, "bpt": 2.2749024707412224}