{"ppls_mean": 2580.5670296480657, "ppls_std": 6098.6376775097315, "ppls_med": 669.2843017578125, "entropys_mean": 33.64991433906555, "entropys_std": 18.99487876562354, "entropys_med": 27.780641555786133, "tokens_nums_mean": 8.364, "tokens_nums_std": 3.669264776491334, "tokens_nums_med": 7.0, "dist2": 0.914572864321608, "dist3": 0.9883183917413746, "dist4": 0.9959244667844043, "bpt": 5.726924916307986}