{"ppls_mean": 269.5466699104309, "ppls_std": 613.0182048608589, "ppls_med": 108.95030212402344, "entropys_mean": 28.444853972435, "entropys_std": 11.136731410301541, "entropys_med": 26.512173652648926, "tokens_nums_mean": 7.461, "tokens_nums_std": 2.3892423485280854, "tokens_nums_med": 7.0, "dist2": 0.7575851393188855, "dist3": 0.9311038860504722, "dist4": 0.9764633013316817, "bpt": 2.6649242728856724}