{"ppls_mean": 233.64188511109353, "ppls_std": 2246.517873080097, "ppls_med": 77.98664474487305, "entropys_mean": 29.07372967338562, "entropys_std": 10.937230036248286, "entropys_med": 26.903815269470215, "tokens_nums_mean": 7.611, "tokens_nums_std": 2.823416193195753, "tokens_nums_med": 7.0, "dist2": 0.6756429652042361, "dist3": 0.8892419428052656, "dist4": 0.9580811138014528, "bpt": 1.9691236368414138}