{"ppls_mean": 365.10268107318876, "ppls_std": 4400.7603136995995, "ppls_med": 105.47117233276367, "entropys_mean": 29.543977142333983, "entropys_std": 12.324070362833496, "entropys_med": 26.763164520263672, "tokens_nums_mean": 7.677, "tokens_nums_std": 2.718946671047448, "tokens_nums_med": 7.0, "dist2": 0.7471539844218095, "dist3": 0.933932584269663, "dist4": 0.9826191189691339, "bpt": 2.577439103816595}