{"ppls_mean": 187.75308813285827, "ppls_std": 395.3281518736664, "ppls_med": 88.31526184082031, "entropys_mean": 29.675994395256044, "entropys_std": 11.60839860868797, "entropys_med": 26.991171836853027, "tokens_nums_mean": 7.707, "tokens_nums_std": 2.6402937336591927, "tokens_nums_med": 7.0, "dist2": 0.7084700268416344, "dist3": 0.9126025354213274, "dist4": 0.9725536992840096, "bpt": 2.2617101336447387}