{"ppls_mean": 231.84155296230315, "ppls_std": 507.00042761851944, "ppls_med": 103.74019241333008, "entropys_mean": 29.344912733078004, "entropys_std": 12.212883498600725, "entropys_med": 26.580774307250977, "tokens_nums_mean": 7.647, "tokens_nums_std": 2.652996607611853, "tokens_nums_med": 7.0, "dist2": 0.7476677700872706, "dist3": 0.9318284424379233, "dist4": 0.9810355207706201, "bpt": 2.605466195893815}