{"ppls_mean": 202.77506897258758, "ppls_std": 379.87747227760974, "ppls_med": 100.3096694946289, "entropys_mean": 29.017227893829347, "entropys_std": 11.684355620274236, "entropys_med": 26.691365242004395, "tokens_nums_mean": 7.568, "tokens_nums_std": 2.5708706696370394, "tokens_nums_med": 7.0, "dist2": 0.7268158976701691, "dist3": 0.9201949436491015, "dist4": 0.9753236862147753, "bpt": 2.3769820295983086}